ID,TL,TL_Desc,HS6,HS6_Desc,Sector_Code,Base_Rate,Base_Rate_Alt,Final_Year,TLs_Per_6_Digit,Staging_Basket,TRQ_Quota,TRQ_Note,Tariff_Eliminated,Product_Type,Pending_Data,Ag_ID,PartnerName,ReporterName,StagingBasket,StagingBasketId,Num_MAR_Columns,PartnerStartYear,ReporterStartYear,PartnerAgreementName,ReporterAgreementName,PartnerAgreementApproved,ReporterAgreementApproved,Rule_Text,Link_Text,Link_Url,QuotaName,ProductType,Y2004,Alt_2004,Y2005,Alt_2005,Y2006,Alt_2006,Y2007,Alt_2007,Y2008,Alt_2008,Y2009,Alt_2009,Y2010,Alt_2010,Y2011,Alt_2011,Y2012,Alt_2012,Y2013,Alt_2013,Y2014,Alt_2014,Y2015,Alt_2015,Y2016,Alt_2016,Y2017,Alt_2017,Y2018,Alt_2018,Y2019,Alt_2019,Y2020,Alt_2020,Y2021,Alt_2021,Y2022,Alt_2022,Y2023,Alt_2023,Y2024,Alt_2024,Y2025,Alt_2025,Y2026,Alt_2026,Y2027,Alt_2027,Y2028,Alt_2028,Y2029,Alt_2029,Y2030,Alt_2030,Y2031,Alt_2031,Y2032,Alt_2032,Y2033,Alt_2033,Y2034,Alt_2034,Y2035,Alt_2035,Y2036,Alt_2036,Y2037,Alt_2037,Y2038,Alt_2038,Y2039,Alt_2039,Y2040,Alt_2040,Y2041,Alt_2041
440559,"02021010","Bovine carcasses and halves, frozen, descr. in add. US note 3 to Ch. 2","020210","CARCASSES/HALF-CARCASSES OF BOVINE ANIMALS, FROZEN                         ","3",,"4.4 cents/kg","2006",3,6,,,true,2,false,1498,"Bahrain","United States","Immediate",6,10,"2006",,"Bahrain","United States",true,,"The good is new or different article of commerce that has been grown, produced or manufactured in the territory of one or both of the Parties; and the sum of (i) the value of materials produced in the territory of one or both of the Parties,  plus (ii) the direct costs of processing operations performed in the territory of one or both of the Parties is not less than 35 percent of the appraised value of the good at the time it is imported into the territory of the Party.",,,,"Agricultural",,,,,0.0000,,0.0000,,0.0000,,0.0000,,0.0000,,0.0000,,0.0000,,0.0000,,0.0000,,0.0000,,0.0000,,0.0000,,,,,,,,,,,,,,,,,,,,,,,,,,,,,,,,,,,,,,,,,,,,,,,,,
440527,"02021050","Bovine carcasses and halves, frozen, other than descr. in gen. note 15 or add. US note 3 to Ch. 2","020210","CARCASSES/HALF-CARCASSES OF BOVINE ANIMALS, FROZEN                         ","3","26.4",,"2015",3,29,1,"Goods are subject to US Beef TRQ, See Annex 1, note 2.",true,2,false,1466,"Bahrain","United States","10 Years, TRQ",29,10,"2006",,"Bahrain","United States",true,,"The good is new or different article of commerce that has been grown, produced or manufactured in the territory of one or both of the Parties; and the sum of (i) the value of materials produced in the territory of one or both of the Parties,  plus (ii) the direct costs of processing operations performed in the territory of one or both of the Parties is not less than 35 percent of the appraised value of the good at the time it is imported into the territory of the Party.",,,"Out-of-Quota","Agricultural",,,,,23.8000,,21.1000,,18.5000,,15.8000,,13.2000,,10.6000,,7.9000,,5.3000,,2.6000,,0.0000,,0.0000,,0.0000,,,,,,,,,,,,,,,,,,,,,,,,,,,,,,,,,,,,,,,,,,,,,,,,,
440576,"02021050","Bovine carcasses and halves, frozen, other than descr. in gen. note 15 or add. US note 3 to Ch. 2","020210","CARCASSES/HALF-CARCASSES OF BOVINE ANIMALS, FROZEN                         ","3","26.4",,"2006",3,61,2,"Goods are subject to US Beef TRQ, See Annex 1, note 2.",true,2,false,1515,"Bahrain","United States","Immediate, TRQ",61,10,"2006",,"Bahrain","United States",true,,"The good is new or different article of commerce that has been grown, produced or manufactured in the territory of one or both of the Parties; and the sum of (i) the value of materials produced in the territory of one or both of the Parties,  plus (ii) the direct costs of processing operations performed in the territory of one or both of the Parties is not less than 35 percent of the appraised value of the good at the time it is imported into the territory of the Party.",,,"In-Quota","Agricultural",,,,,0.0000,,0.0000,,0.0000,,0.0000,,0.0000,,0.0000,,0.0000,,0.0000,,0.0000,,0.0000,,0.0000,,0.0000,,,,,,,,,,,,,,,,,,,,,,,,,,,,,,,,,,,,,,,,,,,,,,,,,
440586,"02022000","Other cuts with bone in","020220","MEAT, BOVINE CUTS WITH BONE IN, FROZEN                                     ","3","5",,"2006",1,6,,,true,2,false,1525,"United States","Bahrain","Immediate",6,10,,"2006","United States","Bahrain",,true,"The good is new or different article of commerce that has been grown, produced or manufactured in the territory of one or both of the Parties; and the sum of (i) the value of materials produced in the territory of one or both of the Parties,  plus (ii) the direct costs of processing operations performed in the territory of one or both of the Parties is not less than 35 percent of the appraised value of the good at the time it is imported into the territory of the Party.",,,,"Agricultural",,,,,0.0000,,0.0000,,0.0000,,0.0000,,0.0000,,0.0000,,0.0000,,0.0000,,0.0000,,0.0000,,0.0000,,0.0000,,,,,,,,,,,,,,,,,,,,,,,,,,,,,,,,,,,,,,,,,,,,,,,,,
440645,"02022002","High-qual. beef cuts w/bone in, processed, frozen, descr in gen. note 15 of the HTS","020220","MEAT, BOVINE CUTS WITH BONE IN, FROZEN                                     ","3","4",,"2006",7,6,,,true,2,false,1584,"Bahrain","United States","Immediate",6,10,"2006",,"Bahrain","United States",true,,"The good is new or different article of commerce that has been grown, produced or manufactured in the territory of one or both of the Parties; and the sum of (i) the value of materials produced in the territory of one or both of the Parties,  plus (ii) the direct costs of processing operations performed in the territory of one or both of the Parties is not less than 35 percent of the appraised value of the good at the time it is imported into the territory of the Party.",,,,"Agricultural",,,,,0.0000,,0.0000,,0.0000,,0.0000,,0.0000,,0.0000,,0.0000,,0.0000,,0.0000,,0.0000,,0.0000,,0.0000,,,,,,,,,,,,,,,,,,,,,,,,,,,,,,,,,,,,,,,,,,,,,,,,,
440661,"02022004","Bovine meat cuts (except high-qual. beef cuts), w/bone in, processed, frozen, descr in gen. note 15 of the HTS","020220","MEAT, BOVINE CUTS WITH BONE IN, FROZEN                                     ","3","10",,"2006",7,6,,,true,2,false,1600,"Bahrain","United States","Immediate",6,10,"2006",,"Bahrain","United States",true,,"The good is new or different article of commerce that has been grown, produced or manufactured in the territory of one or both of the Parties; and the sum of (i) the value of materials produced in the territory of one or both of the Parties,  plus (ii) the direct costs of processing operations performed in the territory of one or both of the Parties is not less than 35 percent of the appraised value of the good at the time it is imported into the territory of the Party.",,,,"Agricultural",,,,,0.0000,,0.0000,,0.0000,,0.0000,,0.0000,,0.0000,,0.0000,,0.0000,,0.0000,,0.0000,,0.0000,,0.0000,,,,,,,,,,,,,,,,,,,,,,,,,,,,,,,,,,,,,,,,,,,,,,,,,
440675,"02022006","Bovine meat cuts, w/bone in, not processed, frozen, descr in gen. note 15 of the HTS","020220","MEAT, BOVINE CUTS WITH BONE IN, FROZEN                                     ","3",,"4.4 cents/kg","2006",7,6,,,true,2,false,1614,"Bahrain","United States","Immediate",6,10,"2006",,"Bahrain","United States",true,,"The good is new or different article of commerce that has been grown, produced or manufactured in the territory of one or both of the Parties; and the sum of (i) the value of materials produced in the territory of one or both of the Parties,  plus (ii) the direct costs of processing operations performed in the territory of one or both of the Parties is not less than 35 percent of the appraised value of the good at the time it is imported into the territory of the Party.",,,,"Agricultural",,,,,0.0000,,0.0000,,0.0000,,0.0000,,0.0000,,0.0000,,0.0000,,0.0000,,0.0000,,0.0000,,0.0000,,0.0000,,,,,,,,,,,,,,,,,,,,,,,,,,,,,,,,,,,,,,,,,,,,,,,,,
440690,"02022010","High-qual. beef cuts, w/bone in, processed, frozen, descr in add. US note 3 to Ch. 2","020220","MEAT, BOVINE CUTS WITH BONE IN, FROZEN                                     ","3","4",,"2006",7,6,,,true,2,false,1629,"Bahrain","United States","Immediate",6,10,"2006",,"Bahrain","United States",true,,"The good is new or different article of commerce that has been grown, produced or manufactured in the territory of one or both of the Parties; and the sum of (i) the value of materials produced in the territory of one or both of the Parties,  plus (ii) the direct costs of processing operations performed in the territory of one or both of the Parties is not less than 35 percent of the appraised value of the good at the time it is imported into the territory of the Party.",,,,"Agricultural",,,,,0.0000,,0.0000,,0.0000,,0.0000,,0.0000,,0.0000,,0.0000,,0.0000,,0.0000,,0.0000,,0.0000,,0.0000,,,,,,,,,,,,,,,,,,,,,,,,,,,,,,,,,,,,,,,,,,,,,,,,,
440707,"02022030","Bovine meat cuts (except high-qual. beef cuts), w/bone in, processed, frozen, descr in add. US note 3 to Ch. 2","020220","MEAT, BOVINE CUTS WITH BONE IN, FROZEN                                     ","3","10",,"2006",7,6,,,true,2,false,1646,"Bahrain","United States","Immediate",6,10,"2006",,"Bahrain","United States",true,,"The good is new or different article of commerce that has been grown, produced or manufactured in the territory of one or both of the Parties; and the sum of (i) the value of materials produced in the territory of one or both of the Parties,  plus (ii) the direct costs of processing operations performed in the territory of one or both of the Parties is not less than 35 percent of the appraised value of the good at the time it is imported into the territory of the Party.",,,,"Agricultural",,,,,0.0000,,0.0000,,0.0000,,0.0000,,0.0000,,0.0000,,0.0000,,0.0000,,0.0000,,0.0000,,0.0000,,0.0000,,,,,,,,,,,,,,,,,,,,,,,,,,,,,,,,,,,,,,,,,,,,,,,,,
440720,"02022050","Bovine meat cuts, w/bone in, not processed, frozen, descr in add. US note 3 to Ch. 2","020220","MEAT, BOVINE CUTS WITH BONE IN, FROZEN                                     ","3",,"4.4 cents/kg","2006",7,6,,,true,2,false,1659,"Bahrain","United States","Immediate",6,10,"2006",,"Bahrain","United States",true,,"The good is new or different article of commerce that has been grown, produced or manufactured in the territory of one or both of the Parties; and the sum of (i) the value of materials produced in the territory of one or both of the Parties,  plus (ii) the direct costs of processing operations performed in the territory of one or both of the Parties is not less than 35 percent of the appraised value of the good at the time it is imported into the territory of the Party.",,,,"Agricultural",,,,,0.0000,,0.0000,,0.0000,,0.0000,,0.0000,,0.0000,,0.0000,,0.0000,,0.0000,,0.0000,,0.0000,,0.0000,,,,,,,,,,,,,,,,,,,,,,,,,,,,,,,,,,,,,,,,,,,,,,,,,
440624,"02022080","Bovine meat cuts, w/bone in, frozen, not descr in gen. note 15 or add. US note 3 to Ch. 2","020220","MEAT, BOVINE CUTS WITH BONE IN, FROZEN                                     ","3","26.4",,"2015",7,29,1,"Goods are subject to US Beef TRQ, See Annex 1, note 2.",true,2,false,1563,"Bahrain","United States","10 Years, TRQ",29,10,"2006",,"Bahrain","United States",true,,"The good is new or different article of commerce that has been grown, produced or manufactured in the territory of one or both of the Parties; and the sum of (i) the value of materials produced in the territory of one or both of the Parties,  plus (ii) the direct costs of processing operations performed in the territory of one or both of the Parties is not less than 35 percent of the appraised value of the good at the time it is imported into the territory of the Party.",,,"Out-of-Quota","Agricultural",,,,,23.8000,,21.1000,,18.5000,,15.8000,,13.2000,,10.6000,,7.9000,,5.3000,,2.6000,,0.0000,,0.0000,,0.0000,,,,,,,,,,,,,,,,,,,,,,,,,,,,,,,,,,,,,,,,,,,,,,,,,
440737,"02022080","Bovine meat cuts, w/bone in, frozen, not descr in gen. note 15 or add. US note 3 to Ch. 2","020220","MEAT, BOVINE CUTS WITH BONE IN, FROZEN                                     ","3","26.4",,"2006",7,61,2,"Goods are subject to US Beef TRQ, See Annex 1, note 2.",true,2,false,1676,"Bahrain","United States","Immediate, TRQ",61,10,"2006",,"Bahrain","United States",true,,"The good is new or different article of commerce that has been grown, produced or manufactured in the territory of one or both of the Parties; and the sum of (i) the value of materials produced in the territory of one or both of the Parties,  plus (ii) the direct costs of processing operations performed in the territory of one or both of the Parties is not less than 35 percent of the appraised value of the good at the time it is imported into the territory of the Party.",,,"In-Quota","Agricultural",,,,,0.0000,,0.0000,,0.0000,,0.0000,,0.0000,,0.0000,,0.0000,,0.0000,,0.0000,,0.0000,,0.0000,,0.0000,,,,,,,,,,,,,,,,,,,,,,,,,,,,,,,,,,,,,,,,,,,,,,,,,
440810,"02023002","High-qual. beef cuts, boneless, processed, frozen, descr in gen. note 15 of the HTS","020230","MEAT OF BOVINE ANIMALS, BONELESS, FROZEN                                   ","3","4",,"2006",7,6,,,true,2,false,1749,"Bahrain","United States","Immediate",6,10,"2006",,"Bahrain","United States",true,,"The good is new or different article of commerce that has been grown, produced or manufactured in the territory of one or both of the Parties; and the sum of (i) the value of materials produced in the territory of one or both of the Parties,  plus (ii) the direct costs of processing operations performed in the territory of one or both of the Parties is not less than 35 percent of the appraised value of the good at the time it is imported into the territory of the Party.",,,,"Agricultural",,,,,0.0000,,0.0000,,0.0000,,0.0000,,0.0000,,0.0000,,0.0000,,0.0000,,0.0000,,0.0000,,0.0000,,0.0000,,,,,,,,,,,,,,,,,,,,,,,,,,,,,,,,,,,,,,,,,,,,,,,,,
440827,"02023004","Bovine meat cuts (except high-qual. beef cuts), boneless, processed, frozen, descr in gen. note 15 of the HTS","020230","MEAT OF BOVINE ANIMALS, BONELESS, FROZEN                                   ","3","10",,"2006",7,6,,,true,2,false,1766,"Bahrain","United States","Immediate",6,10,"2006",,"Bahrain","United States",true,,"The good is new or different article of commerce that has been grown, produced or manufactured in the territory of one or both of the Parties; and the sum of (i) the value of materials produced in the territory of one or both of the Parties,  plus (ii) the direct costs of processing operations performed in the territory of one or both of the Parties is not less than 35 percent of the appraised value of the good at the time it is imported into the territory of the Party.",,,,"Agricultural",,,,,0.0000,,0.0000,,0.0000,,0.0000,,0.0000,,0.0000,,0.0000,,0.0000,,0.0000,,0.0000,,0.0000,,0.0000,,,,,,,,,,,,,,,,,,,,,,,,,,,,,,,,,,,,,,,,,,,,,,,,,
440840,"02023006","Bovine meat cuts, boneless, not processed, frozen, descr in gen. note 15 of the HTS","020230","MEAT OF BOVINE ANIMALS, BONELESS, FROZEN                                   ","3",,"4.4 cents/kg","2006",7,6,,,true,2,false,1779,"Bahrain","United States","Immediate",6,10,"2006",,"Bahrain","United States",true,,"The good is new or different article of commerce that has been grown, produced or manufactured in the territory of one or both of the Parties; and the sum of (i) the value of materials produced in the territory of one or both of the Parties,  plus (ii) the direct costs of processing operations performed in the territory of one or both of the Parties is not less than 35 percent of the appraised value of the good at the time it is imported into the territory of the Party.",,,,"Agricultural",,,,,0.0000,,0.0000,,0.0000,,0.0000,,0.0000,,0.0000,,0.0000,,0.0000,,0.0000,,0.0000,,0.0000,,0.0000,,,,,,,,,,,,,,,,,,,,,,,,,,,,,,,,,,,,,,,,,,,,,,,,,
440855,"02023010","High-qual. beef cuts, boneless, processed, frozen, descr in add. US note 3 to Ch. 2","020230","MEAT OF BOVINE ANIMALS, BONELESS, FROZEN                                   ","3","4",,"2006",7,6,,,true,2,false,1794,"Bahrain","United States","Immediate",6,10,"2006",,"Bahrain","United States",true,,"The good is new or different article of commerce that has been grown, produced or manufactured in the territory of one or both of the Parties; and the sum of (i) the value of materials produced in the territory of one or both of the Parties,  plus (ii) the direct costs of processing operations performed in the territory of one or both of the Parties is not less than 35 percent of the appraised value of the good at the time it is imported into the territory of the Party.",,,,"Agricultural",,,,,0.0000,,0.0000,,0.0000,,0.0000,,0.0000,,0.0000,,0.0000,,0.0000,,0.0000,,0.0000,,0.0000,,0.0000,,,,,,,,,,,,,,,,,,,,,,,,,,,,,,,,,,,,,,,,,,,,,,,,,
440747,"02023010","Minced","020230","MEAT OF BOVINE ANIMALS, BONELESS, FROZEN                                   ","3","5",,"2006",2,6,,,true,2,false,1686,"United States","Bahrain","Immediate",6,10,,"2006","United States","Bahrain",,true,"The good is new or different article of commerce that has been grown, produced or manufactured in the territory of one or both of the Parties; and the sum of (i) the value of materials produced in the territory of one or both of the Parties,  plus (ii) the direct costs of processing operations performed in the territory of one or both of the Parties is not less than 35 percent of the appraised value of the good at the time it is imported into the territory of the Party.",,,,"Agricultural",,,,,0.0000,,0.0000,,0.0000,,0.0000,,0.0000,,0.0000,,0.0000,,0.0000,,0.0000,,0.0000,,0.0000,,0.0000,,,,,,,,,,,,,,,,,,,,,,,,,,,,,,,,,,,,,,,,,,,,,,,,,
440872,"02023030","Bovine meat cuts (except high-qual. beef cuts), boneless, processed, frozen, descr in add. US note 3 to Ch. 2","020230","MEAT OF BOVINE ANIMALS, BONELESS, FROZEN                                   ","3","10",,"2006",7,6,,,true,2,false,1811,"Bahrain","United States","Immediate",6,10,"2006",,"Bahrain","United States",true,,"The good is new or different article of commerce that has been grown, produced or manufactured in the territory of one or both of the Parties; and the sum of (i) the value of materials produced in the territory of one or both of the Parties,  plus (ii) the direct costs of processing operations performed in the territory of one or both of the Parties is not less than 35 percent of the appraised value of the good at the time it is imported into the territory of the Party.",,,,"Agricultural",,,,,0.0000,,0.0000,,0.0000,,0.0000,,0.0000,,0.0000,,0.0000,,0.0000,,0.0000,,0.0000,,0.0000,,0.0000,,,,,,,,,,,,,,,,,,,,,,,,,,,,,,,,,,,,,,,,,,,,,,,,,
440885,"02023050","Bovine meat cuts, boneless, not processed, frozen, descr in add. US note 3 to Ch. 2","020230","MEAT OF BOVINE ANIMALS, BONELESS, FROZEN                                   ","3",,"4.4 cents/kg","2006",7,6,,,true,2,false,1824,"Bahrain","United States","Immediate",6,10,"2006",,"Bahrain","United States",true,,"The good is new or different article of commerce that has been grown, produced or manufactured in the territory of one or both of the Parties; and the sum of (i) the value of materials produced in the territory of one or both of the Parties,  plus (ii) the direct costs of processing operations performed in the territory of one or both of the Parties is not less than 35 percent of the appraised value of the good at the time it is imported into the territory of the Party.",,,,"Agricultural",,,,,0.0000,,0.0000,,0.0000,,0.0000,,0.0000,,0.0000,,0.0000,,0.0000,,0.0000,,0.0000,,0.0000,,0.0000,,,,,,,,,,,,,,,,,,,,,,,,,,,,,,,,,,,,,,,,,,,,,,,,,
440789,"02023080","Bovine meat cuts, boneless, frozen, not descr in gen. note 15 or add. US note 3 to Ch. 2","020230","MEAT OF BOVINE ANIMALS, BONELESS, FROZEN                                   ","3","26.4",,"2015",7,29,1,"Goods are subject to US Beef TRQ, See Annex 1, note 2.",true,2,false,1728,"Bahrain","United States","10 Years, TRQ",29,10,"2006",,"Bahrain","United States",true,,"The good is new or different article of commerce that has been grown, produced or manufactured in the territory of one or both of the Parties; and the sum of (i) the value of materials produced in the territory of one or both of the Parties,  plus (ii) the direct costs of processing operations performed in the territory of one or both of the Parties is not less than 35 percent of the appraised value of the good at the time it is imported into the territory of the Party.",,,"Out-of-Quota","Agricultural",,,,,23.8000,,21.1000,,18.5000,,15.8000,,13.2000,,10.6000,,7.9000,,5.3000,,2.6000,,0.0000,,0.0000,,0.0000,,,,,,,,,,,,,,,,,,,,,,,,,,,,,,,,,,,,,,,,,,,,,,,,,
440902,"02023080","Bovine meat cuts, boneless, frozen, not descr in gen. note 15 or add. US note 3 to Ch. 2","020230","MEAT OF BOVINE ANIMALS, BONELESS, FROZEN                                   ","3","26.4",,"2006",7,61,2,"Goods are subject to US Beef TRQ, See Annex 1, note 2.",true,2,false,1841,"Bahrain","United States","Immediate, TRQ",61,10,"2006",,"Bahrain","United States",true,,"The good is new or different article of commerce that has been grown, produced or manufactured in the territory of one or both of the Parties; and the sum of (i) the value of materials produced in the territory of one or both of the Parties,  plus (ii) the direct costs of processing operations performed in the territory of one or both of the Parties is not less than 35 percent of the appraised value of the good at the time it is imported into the territory of the Party.",,,"In-Quota","Agricultural",,,,,0.0000,,0.0000,,0.0000,,0.0000,,0.0000,,0.0000,,0.0000,,0.0000,,0.0000,,0.0000,,0.0000,,0.0000,,,,,,,,,,,,,,,,,,,,,,,,,,,,,,,,,,,,,,,,,,,,,,,,,
440748,"02023090","Other","020230","MEAT OF BOVINE ANIMALS, BONELESS, FROZEN                                   ","3","5",,"2006",2,6,,,true,2,false,1687,"United States","Bahrain","Immediate",6,10,,"2006","United States","Bahrain",,true,"The good is new or different article of commerce that has been grown, produced or manufactured in the territory of one or both of the Parties; and the sum of (i) the value of materials produced in the territory of one or both of the Parties,  plus (ii) the direct costs of processing operations performed in the territory of one or both of the Parties is not less than 35 percent of the appraised value of the good at the time it is imported into the territory of the Party.",,,,"Agricultural",,,,,0.0000,,0.0000,,0.0000,,0.0000,,0.0000,,0.0000,,0.0000,,0.0000,,0.0000,,0.0000,,0.0000,,0.0000,,,,,,,,,,,,,,,,,,,,,,,,,,,,,,,,,,,,,,,,,,,,,,,,,
440912,"02031100","Carcasses and half-carcasses","020311","CARCASSES & HALF-CARCASSES OF SWINE FRESH, CHILLED                         ","29","5",,"2006",1,6,,,true,2,false,1851,"United States","Bahrain","Immediate",6,10,,"2006","United States","Bahrain",,true,"The good is new or different article of commerce that has been grown, produced or manufactured in the territory of one or both of the Parties; and the sum of (i) the value of materials produced in the territory of one or both of the Parties,  plus (ii) the direct costs of processing operations performed in the territory of one or both of the Parties is not less than 35 percent of the appraised value of the good at the time it is imported into the territory of the Party.",,,,"Agricultural",,,,,0.0000,,0.0000,,0.0000,,0.0000,,0.0000,,0.0000,,0.0000,,0.0000,,0.0000,,0.0000,,0.0000,,0.0000,,,,,,,,,,,,,,,,,,,,,,,,,,,,,,,,,,,,,,,,,,,,,,,,,
440942,"02031100","Carcasses and half-carcasses of swine, fresh or chilled","020311","CARCASSES & HALF-CARCASSES OF SWINE FRESH, CHILLED                         ","29","0",,"2006",1,6,,,true,2,false,1881,"Bahrain","United States","Immediate",6,10,"2006",,"Bahrain","United States",true,,"The good is new or different article of commerce that has been grown, produced or manufactured in the territory of one or both of the Parties; and the sum of (i) the value of materials produced in the territory of one or both of the Parties,  plus (ii) the direct costs of processing operations performed in the territory of one or both of the Parties is not less than 35 percent of the appraised value of the good at the time it is imported into the territory of the Party.",,,,"Agricultural",,,,,0.0000,,0.0000,,0.0000,,0.0000,,0.0000,,0.0000,,0.0000,,0.0000,,0.0000,,0.0000,,0.0000,,0.0000,,,,,,,,,,,,,,,,,,,,,,,,,,,,,,,,,,,,,,,,,,,,,,,,,
440954,"02031200","Hams, shoulders and cuts thereof, with bone in","020312","MEAT, SWINE, HAMS, SHLDRS, BONE IN, FRSH OR CHLLD                          ","29","5",,"2006",1,6,,,true,2,false,1893,"United States","Bahrain","Immediate",6,10,,"2006","United States","Bahrain",,true,"The good is new or different article of commerce that has been grown, produced or manufactured in the territory of one or both of the Parties; and the sum of (i) the value of materials produced in the territory of one or both of the Parties,  plus (ii) the direct costs of processing operations performed in the territory of one or both of the Parties is not less than 35 percent of the appraised value of the good at the time it is imported into the territory of the Party.",,,,"Agricultural",,,,,0.0000,,0.0000,,0.0000,,0.0000,,0.0000,,0.0000,,0.0000,,0.0000,,0.0000,,0.0000,,0.0000,,0.0000,,,,,,,,,,,,,,,,,,,,,,,,,,,,,,,,,,,,,,,,,,,,,,,,,
440987,"02031210","Fresh or chilled retail cuts of ham, shoulders and cuts thereof, with bone in","020312","MEAT, SWINE, HAMS, SHLDRS, BONE IN, FRSH OR CHLLD                          ","29",,"1.4 cents/kg","2006",2,6,,,true,2,false,1926,"Bahrain","United States","Immediate",6,10,"2006",,"Bahrain","United States",true,,"The good is new or different article of commerce that has been grown, produced or manufactured in the territory of one or both of the Parties; and the sum of (i) the value of materials produced in the territory of one or both of the Parties,  plus (ii) the direct costs of processing operations performed in the territory of one or both of the Parties is not less than 35 percent of the appraised value of the good at the time it is imported into the territory of the Party.",,,,"Agricultural",,,,,0.0000,,0.0000,,0.0000,,0.0000,,0.0000,,0.0000,,0.0000,,0.0000,,0.0000,,0.0000,,0.0000,,0.0000,,,,,,,,,,,,,,,,,,,,,,,,,,,,,,,,,,,,,,,,,,,,,,,,,
441003,"02031290","Fresh or chilled hams, shoulders and cuts thereof, with bone in, other than processed","020312","MEAT, SWINE, HAMS, SHLDRS, BONE IN, FRSH OR CHLLD                          ","29","0",,"2006",2,6,,,true,2,false,1942,"Bahrain","United States","Immediate",6,10,"2006",,"Bahrain","United States",true,,"The good is new or different article of commerce that has been grown, produced or manufactured in the territory of one or both of the Parties; and the sum of (i) the value of materials produced in the territory of one or both of the Parties,  plus (ii) the direct costs of processing operations performed in the territory of one or both of the Parties is not less than 35 percent of the appraised value of the good at the time it is imported into the territory of the Party.",,,,"Agricultural",,,,,0.0000,,0.0000,,0.0000,,0.0000,,0.0000,,0.0000,,0.0000,,0.0000,,0.0000,,0.0000,,0.0000,,0.0000,,,,,,,,,,,,,,,,,,,,,,,,,,,,,,,,,,,,,,,,,,,,,,,,,
441014,"02031900","Other","020319","MEAT OF SWINE, NESOI, FRESH OR CHILLED                                     ","29","5",,"2006",1,6,,,true,2,false,1953,"United States","Bahrain","Immediate",6,10,,"2006","United States","Bahrain",,true,"The good is new or different article of commerce that has been grown, produced or manufactured in the territory of one or both of the Parties; and the sum of (i) the value of materials produced in the territory of one or both of the Parties,  plus (ii) the direct costs of processing operations performed in the territory of one or both of the Parties is not less than 35 percent of the appraised value of the good at the time it is imported into the territory of the Party.",,,,"Agricultural",,,,,0.0000,,0.0000,,0.0000,,0.0000,,0.0000,,0.0000,,0.0000,,0.0000,,0.0000,,0.0000,,0.0000,,0.0000,,,,,,,,,,,,,,,,,,,,,,,,,,,,,,,,,,,,,,,,,,,,,,,,,
441051,"02031920","Meat of swine nesi, retail cuts, fresh or chilled","020319","MEAT OF SWINE, NESOI, FRESH OR CHILLED                                     ","29",,"1.4 cents/kg","2006",2,6,,,true,2,false,1990,"Bahrain","United States","Immediate",6,10,"2006",,"Bahrain","United States",true,,"The good is new or different article of commerce that has been grown, produced or manufactured in the territory of one or both of the Parties; and the sum of (i) the value of materials produced in the territory of one or both of the Parties,  plus (ii) the direct costs of processing operations performed in the territory of one or both of the Parties is not less than 35 percent of the appraised value of the good at the time it is imported into the territory of the Party.",,,,"Agricultural",,,,,0.0000,,0.0000,,0.0000,,0.0000,,0.0000,,0.0000,,0.0000,,0.0000,,0.0000,,0.0000,,0.0000,,0.0000,,,,,,,,,,,,,,,,,,,,,,,,,,,,,,,,,,,,,,,,,,,,,,,,,
441065,"02031940","Meat of swine, nesi, non retail cuts, fresh or chilled","020319","MEAT OF SWINE, NESOI, FRESH OR CHILLED                                     ","29","0",,"2006",2,6,,,true,2,false,2004,"Bahrain","United States","Immediate",6,10,"2006",,"Bahrain","United States",true,,"The good is new or different article of commerce that has been grown, produced or manufactured in the territory of one or both of the Parties; and the sum of (i) the value of materials produced in the territory of one or both of the Parties,  plus (ii) the direct costs of processing operations performed in the territory of one or both of the Parties is not less than 35 percent of the appraised value of the good at the time it is imported into the territory of the Party.",,,,"Agricultural",,,,,0.0000,,0.0000,,0.0000,,0.0000,,0.0000,,0.0000,,0.0000,,0.0000,,0.0000,,0.0000,,0.0000,,0.0000,,,,,,,,,,,,,,,,,,,,,,,,,,,,,,,,,,,,,,,,,,,,,,,,,
441108,"02032100","Carcasses and half-carcasses of swine, frozen","020321","CARCASSES AND HALF-CARCASSES OF SWINE, FROZEN                              ","29","0",,"2006",1,6,,,true,2,false,2047,"Bahrain","United States","Immediate",6,10,"2006",,"Bahrain","United States",true,,"The good is new or different article of commerce that has been grown, produced or manufactured in the territory of one or both of the Parties; and the sum of (i) the value of materials produced in the territory of one or both of the Parties,  plus (ii) the direct costs of processing operations performed in the territory of one or both of the Parties is not less than 35 percent of the appraised value of the good at the time it is imported into the territory of the Party.",,,,"Agricultural",,,,,0.0000,,0.0000,,0.0000,,0.0000,,0.0000,,0.0000,,0.0000,,0.0000,,0.0000,,0.0000,,0.0000,,0.0000,,,,,,,,,,,,,,,,,,,,,,,,,,,,,,,,,,,,,,,,,,,,,,,,,
441077,"02032100","Carcasses and half-carcasses","020321","CARCASSES AND HALF-CARCASSES OF SWINE, FROZEN                              ","29","5",,"2006",1,6,,,true,2,false,2016,"United States","Bahrain","Immediate",6,10,,"2006","United States","Bahrain",,true,"The good is new or different article of commerce that has been grown, produced or manufactured in the territory of one or both of the Parties; and the sum of (i) the value of materials produced in the territory of one or both of the Parties,  plus (ii) the direct costs of processing operations performed in the territory of one or both of the Parties is not less than 35 percent of the appraised value of the good at the time it is imported into the territory of the Party.",,,,"Agricultural",,,,,0.0000,,0.0000,,0.0000,,0.0000,,0.0000,,0.0000,,0.0000,,0.0000,,0.0000,,0.0000,,0.0000,,0.0000,,,,,,,,,,,,,,,,,,,,,,,,,,,,,,,,,,,,,,,,,,,,,,,,,
441119,"02032200","Hams, shoulders and cuts thereof, with bone in","020322","MEAT, SWINE, HAMS, SHOULDERS ETC, BONE IN, FROZEN                          ","29","5",,"2006",1,6,,,true,2,false,2058,"United States","Bahrain","Immediate",6,10,,"2006","United States","Bahrain",,true,"The good is new or different article of commerce that has been grown, produced or manufactured in the territory of one or both of the Parties; and the sum of (i) the value of materials produced in the territory of one or both of the Parties,  plus (ii) the direct costs of processing operations performed in the territory of one or both of the Parties is not less than 35 percent of the appraised value of the good at the time it is imported into the territory of the Party.",,,,"Agricultural",,,,,0.0000,,0.0000,,0.0000,,0.0000,,0.0000,,0.0000,,0.0000,,0.0000,,0.0000,,0.0000,,0.0000,,0.0000,,,,,,,,,,,,,,,,,,,,,,,,,,,,,,,,,,,,,,,,,,,,,,,,,
441152,"02032210","Frozen retail cuts of hams, shoulders and cuts thereof, with bone in","020322","MEAT, SWINE, HAMS, SHOULDERS ETC, BONE IN, FROZEN                          ","29",,"1.4 cents/kg","2006",2,6,,,true,2,false,2091,"Bahrain","United States","Immediate",6,10,"2006",,"Bahrain","United States",true,,"The good is new or different article of commerce that has been grown, produced or manufactured in the territory of one or both of the Parties; and the sum of (i) the value of materials produced in the territory of one or both of the Parties,  plus (ii) the direct costs of processing operations performed in the territory of one or both of the Parties is not less than 35 percent of the appraised value of the good at the time it is imported into the territory of the Party.",,,,"Agricultural",,,,,0.0000,,0.0000,,0.0000,,0.0000,,0.0000,,0.0000,,0.0000,,0.0000,,0.0000,,0.0000,,0.0000,,0.0000,,,,,,,,,,,,,,,,,,,,,,,,,,,,,,,,,,,,,,,,,,,,,,,,,
441167,"02032290","Frozen hams, shoulders and cuts thereof, with bone in, other than retail cuts","020322","MEAT, SWINE, HAMS, SHOULDERS ETC, BONE IN, FROZEN                          ","29","0",,"2006",2,6,,,true,2,false,2106,"Bahrain","United States","Immediate",6,10,"2006",,"Bahrain","United States",true,,"The good is new or different article of commerce that has been grown, produced or manufactured in the territory of one or both of the Parties; and the sum of (i) the value of materials produced in the territory of one or both of the Parties,  plus (ii) the direct costs of processing operations performed in the territory of one or both of the Parties is not less than 35 percent of the appraised value of the good at the time it is imported into the territory of the Party.",,,,"Agricultural",,,,,0.0000,,0.0000,,0.0000,,0.0000,,0.0000,,0.0000,,0.0000,,0.0000,,0.0000,,0.0000,,0.0000,,0.0000,,,,,,,,,,,,,,,,,,,,,,,,,,,,,,,,,,,,,,,,,,,,,,,,,
441179,"02032900","Other","020329","MEAT OF SWINE, NESOI, FROZEN                                               ","29","5",,"2006",1,6,,,true,2,false,2118,"United States","Bahrain","Immediate",6,10,,"2006","United States","Bahrain",,true,"The good is new or different article of commerce that has been grown, produced or manufactured in the territory of one or both of the Parties; and the sum of (i) the value of materials produced in the territory of one or both of the Parties,  plus (ii) the direct costs of processing operations performed in the territory of one or both of the Parties is not less than 35 percent of the appraised value of the good at the time it is imported into the territory of the Party.",,,,"Agricultural",,,,,0.0000,,0.0000,,0.0000,,0.0000,,0.0000,,0.0000,,0.0000,,0.0000,,0.0000,,0.0000,,0.0000,,0.0000,,,,,,,,,,,,,,,,,,,,,,,,,,,,,,,,,,,,,,,,,,,,,,,,,
441218,"02032920","Frozen retail cuts of meat of swine, nesi","020329","MEAT OF SWINE, NESOI, FROZEN                                               ","29",,"1.4 cents/kg","2006",2,6,,,true,2,false,2157,"Bahrain","United States","Immediate",6,10,"2006",,"Bahrain","United States",true,,"The good is new or different article of commerce that has been grown, produced or manufactured in the territory of one or both of the Parties; and the sum of (i) the value of materials produced in the territory of one or both of the Parties,  plus (ii) the direct costs of processing operations performed in the territory of one or both of the Parties is not less than 35 percent of the appraised value of the good at the time it is imported into the territory of the Party.",,,,"Agricultural",,,,,0.0000,,0.0000,,0.0000,,0.0000,,0.0000,,0.0000,,0.0000,,0.0000,,0.0000,,0.0000,,0.0000,,0.0000,,,,,,,,,,,,,,,,,,,,,,,,,,,,,,,,,,,,,,,,,,,,,,,,,
441232,"02032940","Frozen meat of swine, other than retail cuts, nesi","020329","MEAT OF SWINE, NESOI, FROZEN                                               ","29","0",,"2006",2,6,,,true,2,false,2171,"Bahrain","United States","Immediate",6,10,"2006",,"Bahrain","United States",true,,"The good is new or different article of commerce that has been grown, produced or manufactured in the territory of one or both of the Parties; and the sum of (i) the value of materials produced in the territory of one or both of the Parties,  plus (ii) the direct costs of processing operations performed in the territory of one or both of the Parties is not less than 35 percent of the appraised value of the good at the time it is imported into the territory of the Party.",,,,"Agricultural",,,,,0.0000,,0.0000,,0.0000,,0.0000,,0.0000,,0.0000,,0.0000,,0.0000,,0.0000,,0.0000,,0.0000,,0.0000,,,,,,,,,,,,,,,,,,,,,,,,,,,,,,,,,,,,,,,,,,,,,,,,,
441265,"02041000","Carcasses and half-carcasses of lamb, fresh or chilled","020410","CARCASSES AND HALF-CARCASSES OF LAMB FRESH/CHILLED                         ","17",,"0.7 cents/kg","2006",1,6,,,true,2,false,2204,"Bahrain","United States","Immediate",6,10,"2006",,"Bahrain","United States",true,,"The good is new or different article of commerce that has been grown, produced or manufactured in the territory of one or both of the Parties; and the sum of (i) the value of materials produced in the territory of one or both of the Parties,  plus (ii) the direct costs of processing operations performed in the territory of one or both of the Parties is not less than 35 percent of the appraised value of the good at the time it is imported into the territory of the Party.",,,,"Agricultural",,,,,0.0000,,0.0000,,0.0000,,0.0000,,0.0000,,0.0000,,0.0000,,0.0000,,0.0000,,0.0000,,0.0000,,0.0000,,,,,,,,,,,,,,,,,,,,,,,,,,,,,,,,,,,,,,,,,,,,,,,,,
441244,"02041000","Carcasses and half-carcasses of lamb, fresh or chilled","020410","CARCASSES AND HALF-CARCASSES OF LAMB FRESH/CHILLED                         ","17","0",,"2006",1,6,,,true,2,false,2183,"United States","Bahrain","Immediate",6,10,,"2006","United States","Bahrain",,true,"The good is new or different article of commerce that has been grown, produced or manufactured in the territory of one or both of the Parties; and the sum of (i) the value of materials produced in the territory of one or both of the Parties,  plus (ii) the direct costs of processing operations performed in the territory of one or both of the Parties is not less than 35 percent of the appraised value of the good at the time it is imported into the territory of the Party.",,,,"Agricultural",,,,,0.0000,,0.0000,,0.0000,,0.0000,,0.0000,,0.0000,,0.0000,,0.0000,,0.0000,,0.0000,,0.0000,,0.0000,,,,,,,,,,,,,,,,,,,,,,,,,,,,,,,,,,,,,,,,,,,,,,,,,
441298,"02042100","Carcasses and half-carcasses of sheep, other than lamb, fresh or chilled","020421","CARCASSES & HALF-CARCASSES OF SHEEP, FRESH/CHILLED                         ","17",,"2.8 cents/kg","2006",1,6,,,true,2,false,2237,"Bahrain","United States","Immediate",6,10,"2006",,"Bahrain","United States",true,,"The good is new or different article of commerce that has been grown, produced or manufactured in the territory of one or both of the Parties; and the sum of (i) the value of materials produced in the territory of one or both of the Parties,  plus (ii) the direct costs of processing operations performed in the territory of one or both of the Parties is not less than 35 percent of the appraised value of the good at the time it is imported into the territory of the Party.",,,,"Agricultural",,,,,0.0000,,0.0000,,0.0000,,0.0000,,0.0000,,0.0000,,0.0000,,0.0000,,0.0000,,0.0000,,0.0000,,0.0000,,,,,,,,,,,,,,,,,,,,,,,,,,,,,,,,,,,,,,,,,,,,,,,,,
441277,"02042100","Carcasses and half-carcasses","020421","CARCASSES & HALF-CARCASSES OF SHEEP, FRESH/CHILLED                         ","17","0",,"2006",1,6,,,true,2,false,2216,"United States","Bahrain","Immediate",6,10,,"2006","United States","Bahrain",,true,"The good is new or different article of commerce that has been grown, produced or manufactured in the territory of one or both of the Parties; and the sum of (i) the value of materials produced in the territory of one or both of the Parties,  plus (ii) the direct costs of processing operations performed in the territory of one or both of the Parties is not less than 35 percent of the appraised value of the good at the time it is imported into the territory of the Party.",,,,"Agricultural",,,,,0.0000,,0.0000,,0.0000,,0.0000,,0.0000,,0.0000,,0.0000,,0.0000,,0.0000,,0.0000,,0.0000,,0.0000,,,,,,,,,,,,,,,,,,,,,,,,,,,,,,,,,,,,,,,,,,,,,,,,,
441310,"02042200","Other cuts with bone in","020422","MEAT OF SHEEP, CUTS, BONE IN NESOI, FRESH, CHILLED                         ","17","0",,"2006",1,6,,,true,2,false,2249,"United States","Bahrain","Immediate",6,10,,"2006","United States","Bahrain",,true,"The good is new or different article of commerce that has been grown, produced or manufactured in the territory of one or both of the Parties; and the sum of (i) the value of materials produced in the territory of one or both of the Parties,  plus (ii) the direct costs of processing operations performed in the territory of one or both of the Parties is not less than 35 percent of the appraised value of the good at the time it is imported into the territory of the Party.",,,,"Agricultural",,,,,0.0000,,0.0000,,0.0000,,0.0000,,0.0000,,0.0000,,0.0000,,0.0000,,0.0000,,0.0000,,0.0000,,0.0000,,,,,,,,,,,,,,,,,,,,,,,,,,,,,,,,,,,,,,,,,,,,,,,,,
441333,"02042220","Cuts of lamb meat with bone in, fresh or chilled","020422","MEAT OF SHEEP, CUTS, BONE IN NESOI, FRESH, CHILLED                         ","17",,"0.7 cents/kg","2006",2,6,,,true,2,false,2272,"Bahrain","United States","Immediate",6,10,"2006",,"Bahrain","United States",true,,"The good is new or different article of commerce that has been grown, produced or manufactured in the territory of one or both of the Parties; and the sum of (i) the value of materials produced in the territory of one or both of the Parties,  plus (ii) the direct costs of processing operations performed in the territory of one or both of the Parties is not less than 35 percent of the appraised value of the good at the time it is imported into the territory of the Party.",,,,"Agricultural",,,,,0.0000,,0.0000,,0.0000,,0.0000,,0.0000,,0.0000,,0.0000,,0.0000,,0.0000,,0.0000,,0.0000,,0.0000,,,,,,,,,,,,,,,,,,,,,,,,,,,,,,,,,,,,,,,,,,,,,,,,,
441347,"02042240","Cuts of sheep meat with bone in, nesi, fresh or chilled","020422","MEAT OF SHEEP, CUTS, BONE IN NESOI, FRESH, CHILLED                         ","17",,"2.8 cents/kg","2006",2,6,,,true,2,false,2286,"Bahrain","United States","Immediate",6,10,"2006",,"Bahrain","United States",true,,"The good is new or different article of commerce that has been grown, produced or manufactured in the territory of one or both of the Parties; and the sum of (i) the value of materials produced in the territory of one or both of the Parties,  plus (ii) the direct costs of processing operations performed in the territory of one or both of the Parties is not less than 35 percent of the appraised value of the good at the time it is imported into the territory of the Party.",,,,"Agricultural",,,,,0.0000,,0.0000,,0.0000,,0.0000,,0.0000,,0.0000,,0.0000,,0.0000,,0.0000,,0.0000,,0.0000,,0.0000,,,,,,,,,,,,,,,,,,,,,,,,,,,,,,,,,,,,,,,,,,,,,,,,,
441359,"02042300","Boneless","020423","MEAT OF SHEEP, BONELESS, FRESH OR CHILLED                                  ","17","0",,"2006",1,6,,,true,2,false,2298,"United States","Bahrain","Immediate",6,10,,"2006","United States","Bahrain",,true,"The good is new or different article of commerce that has been grown, produced or manufactured in the territory of one or both of the Parties; and the sum of (i) the value of materials produced in the territory of one or both of the Parties,  plus (ii) the direct costs of processing operations performed in the territory of one or both of the Parties is not less than 35 percent of the appraised value of the good at the time it is imported into the territory of the Party.",,,,"Agricultural",,,,,0.0000,,0.0000,,0.0000,,0.0000,,0.0000,,0.0000,,0.0000,,0.0000,,0.0000,,0.0000,,0.0000,,0.0000,,,,,,,,,,,,,,,,,,,,,,,,,,,,,,,,,,,,,,,,,,,,,,,,,
441382,"02042320","Boneless meat of lamb, fresh or chilled","020423","MEAT OF SHEEP, BONELESS, FRESH OR CHILLED                                  ","17",,"0.7 cents/kg","2006",2,6,,,true,2,false,2321,"Bahrain","United States","Immediate",6,10,"2006",,"Bahrain","United States",true,,"The good is new or different article of commerce that has been grown, produced or manufactured in the territory of one or both of the Parties; and the sum of (i) the value of materials produced in the territory of one or both of the Parties,  plus (ii) the direct costs of processing operations performed in the territory of one or both of the Parties is not less than 35 percent of the appraised value of the good at the time it is imported into the territory of the Party.",,,,"Agricultural",,,,,0.0000,,0.0000,,0.0000,,0.0000,,0.0000,,0.0000,,0.0000,,0.0000,,0.0000,,0.0000,,0.0000,,0.0000,,,,,,,,,,,,,,,,,,,,,,,,,,,,,,,,,,,,,,,,,,,,,,,,,
441397,"02042340","Boneless meat of sheep, nesi, fresh or chilled","020423","MEAT OF SHEEP, BONELESS, FRESH OR CHILLED                                  ","17",,"2.8 cents/kg","2006",2,6,,,true,2,false,2336,"Bahrain","United States","Immediate",6,10,"2006",,"Bahrain","United States",true,,"The good is new or different article of commerce that has been grown, produced or manufactured in the territory of one or both of the Parties; and the sum of (i) the value of materials produced in the territory of one or both of the Parties,  plus (ii) the direct costs of processing operations performed in the territory of one or both of the Parties is not less than 35 percent of the appraised value of the good at the time it is imported into the territory of the Party.",,,,"Agricultural",,,,,0.0000,,0.0000,,0.0000,,0.0000,,0.0000,,0.0000,,0.0000,,0.0000,,0.0000,,0.0000,,0.0000,,0.0000,,,,,,,,,,,,,,,,,,,,,,,,,,,,,,,,,,,,,,,,,,,,,,,,,
441430,"02043000","Carcasses and half-carcasses of lamb, frozen","020430","CARCASSES AND HALF-CARCASSES OF LAMB, FROZEN                               ","17",,"0.7 cents/kg","2006",1,6,,,true,2,false,2369,"Bahrain","United States","Immediate",6,10,"2006",,"Bahrain","United States",true,,"The good is new or different article of commerce that has been grown, produced or manufactured in the territory of one or both of the Parties; and the sum of (i) the value of materials produced in the territory of one or both of the Parties,  plus (ii) the direct costs of processing operations performed in the territory of one or both of the Parties is not less than 35 percent of the appraised value of the good at the time it is imported into the territory of the Party.",,,,"Agricultural",,,,,0.0000,,0.0000,,0.0000,,0.0000,,0.0000,,0.0000,,0.0000,,0.0000,,0.0000,,0.0000,,0.0000,,0.0000,,,,,,,,,,,,,,,,,,,,,,,,,,,,,,,,,,,,,,,,,,,,,,,,,
441408,"02043000","Carcasses and half-carcasses of lamb, frozen","020430","CARCASSES AND HALF-CARCASSES OF LAMB, FROZEN                               ","17","5",,"2006",1,6,,,true,2,false,2347,"United States","Bahrain","Immediate",6,10,,"2006","United States","Bahrain",,true,"The good is new or different article of commerce that has been grown, produced or manufactured in the territory of one or both of the Parties; and the sum of (i) the value of materials produced in the territory of one or both of the Parties,  plus (ii) the direct costs of processing operations performed in the territory of one or both of the Parties is not less than 35 percent of the appraised value of the good at the time it is imported into the territory of the Party.",,,,"Agricultural",,,,,0.0000,,0.0000,,0.0000,,0.0000,,0.0000,,0.0000,,0.0000,,0.0000,,0.0000,,0.0000,,0.0000,,0.0000,,,,,,,,,,,,,,,,,,,,,,,,,,,,,,,,,,,,,,,,,,,,,,,,,
441441,"02044100","Carcasses and half-carcasses","020441","CARCASSES AND HALF-CARCASSES OF SHEEP, FROZEN                              ","17","5",,"2006",1,6,,,true,2,false,2380,"United States","Bahrain","Immediate",6,10,,"2006","United States","Bahrain",,true,"The good is new or different article of commerce that has been grown, produced or manufactured in the territory of one or both of the Parties; and the sum of (i) the value of materials produced in the territory of one or both of the Parties,  plus (ii) the direct costs of processing operations performed in the territory of one or both of the Parties is not less than 35 percent of the appraised value of the good at the time it is imported into the territory of the Party.",,,,"Agricultural",,,,,0.0000,,0.0000,,0.0000,,0.0000,,0.0000,,0.0000,,0.0000,,0.0000,,0.0000,,0.0000,,0.0000,,0.0000,,,,,,,,,,,,,,,,,,,,,,,,,,,,,,,,,,,,,,,,,,,,,,,,,
441462,"02044100","Carcasses and half-carcasses of sheep, other than lamb, frozen","020441","CARCASSES AND HALF-CARCASSES OF SHEEP, FROZEN                              ","17",,"2.8 cents/kg","2006",1,6,,,true,2,false,2401,"Bahrain","United States","Immediate",6,10,"2006",,"Bahrain","United States",true,,"The good is new or different article of commerce that has been grown, produced or manufactured in the territory of one or both of the Parties; and the sum of (i) the value of materials produced in the territory of one or both of the Parties,  plus (ii) the direct costs of processing operations performed in the territory of one or both of the Parties is not less than 35 percent of the appraised value of the good at the time it is imported into the territory of the Party.",,,,"Agricultural",,,,,0.0000,,0.0000,,0.0000,,0.0000,,0.0000,,0.0000,,0.0000,,0.0000,,0.0000,,0.0000,,0.0000,,0.0000,,,,,,,,,,,,,,,,,,,,,,,,,,,,,,,,,,,,,,,,,,,,,,,,,
441474,"02044200","Other cuts with bone in","020442","MEAT OF SHEEP, CUTS WITH BONE IN, NESOI, FROZEN                            ","17","5",,"2006",1,6,,,true,2,false,2413,"United States","Bahrain","Immediate",6,10,,"2006","United States","Bahrain",,true,"The good is new or different article of commerce that has been grown, produced or manufactured in the territory of one or both of the Parties; and the sum of (i) the value of materials produced in the territory of one or both of the Parties,  plus (ii) the direct costs of processing operations performed in the territory of one or both of the Parties is not less than 35 percent of the appraised value of the good at the time it is imported into the territory of the Party.",,,,"Agricultural",,,,,0.0000,,0.0000,,0.0000,,0.0000,,0.0000,,0.0000,,0.0000,,0.0000,,0.0000,,0.0000,,0.0000,,0.0000,,,,,,,,,,,,,,,,,,,,,,,,,,,,,,,,,,,,,,,,,,,,,,,,,
441497,"02044220","Cuts of lamb meat with bone in, frozen","020442","MEAT OF SHEEP, CUTS WITH BONE IN, NESOI, FROZEN                            ","17",,"0.7 cents/kg","2006",2,6,,,true,2,false,2436,"Bahrain","United States","Immediate",6,10,"2006",,"Bahrain","United States",true,,"The good is new or different article of commerce that has been grown, produced or manufactured in the territory of one or both of the Parties; and the sum of (i) the value of materials produced in the territory of one or both of the Parties,  plus (ii) the direct costs of processing operations performed in the territory of one or both of the Parties is not less than 35 percent of the appraised value of the good at the time it is imported into the territory of the Party.",,,,"Agricultural",,,,,0.0000,,0.0000,,0.0000,,0.0000,,0.0000,,0.0000,,0.0000,,0.0000,,0.0000,,0.0000,,0.0000,,0.0000,,,,,,,,,,,,,,,,,,,,,,,,,,,,,,,,,,,,,,,,,,,,,,,,,
441512,"02044240","Cuts of sheep meat with bone in, nesi, frozen","020442","MEAT OF SHEEP, CUTS WITH BONE IN, NESOI, FROZEN                            ","17",,"2.8 cents/kg","2006",2,6,,,true,2,false,2451,"Bahrain","United States","Immediate",6,10,"2006",,"Bahrain","United States",true,,"The good is new or different article of commerce that has been grown, produced or manufactured in the territory of one or both of the Parties; and the sum of (i) the value of materials produced in the territory of one or both of the Parties,  plus (ii) the direct costs of processing operations performed in the territory of one or both of the Parties is not less than 35 percent of the appraised value of the good at the time it is imported into the territory of the Party.",,,,"Agricultural",,,,,0.0000,,0.0000,,0.0000,,0.0000,,0.0000,,0.0000,,0.0000,,0.0000,,0.0000,,0.0000,,0.0000,,0.0000,,,,,,,,,,,,,,,,,,,,,,,,,,,,,,,,,,,,,,,,,,,,,,,,,
441523,"02044310","Minced","020443","MEAT OF SHEEP, BONELESS, FROZEN                                            ","17","5",,"2006",2,6,,,true,2,false,2462,"United States","Bahrain","Immediate",6,10,,"2006","United States","Bahrain",,true,"The good is new or different article of commerce that has been grown, produced or manufactured in the territory of one or both of the Parties; and the sum of (i) the value of materials produced in the territory of one or both of the Parties,  plus (ii) the direct costs of processing operations performed in the territory of one or both of the Parties is not less than 35 percent of the appraised value of the good at the time it is imported into the territory of the Party.",,,,"Agricultural",,,,,0.0000,,0.0000,,0.0000,,0.0000,,0.0000,,0.0000,,0.0000,,0.0000,,0.0000,,0.0000,,0.0000,,0.0000,,,,,,,,,,,,,,,,,,,,,,,,,,,,,,,,,,,,,,,,,,,,,,,,,
441548,"02044320","Boneless meat of lamb, frozen","020443","MEAT OF SHEEP, BONELESS, FROZEN                                            ","17",,"0.7 cents/kg","2006",2,6,,,true,2,false,2487,"Bahrain","United States","Immediate",6,10,"2006",,"Bahrain","United States",true,,"The good is new or different article of commerce that has been grown, produced or manufactured in the territory of one or both of the Parties; and the sum of (i) the value of materials produced in the territory of one or both of the Parties,  plus (ii) the direct costs of processing operations performed in the territory of one or both of the Parties is not less than 35 percent of the appraised value of the good at the time it is imported into the territory of the Party.",,,,"Agricultural",,,,,0.0000,,0.0000,,0.0000,,0.0000,,0.0000,,0.0000,,0.0000,,0.0000,,0.0000,,0.0000,,0.0000,,0.0000,,,,,,,,,,,,,,,,,,,,,,,,,,,,,,,,,,,,,,,,,,,,,,,,,
441563,"02044340","Boneless meat of sheep, nesi, frozen","020443","MEAT OF SHEEP, BONELESS, FROZEN                                            ","17",,"2.8 cents/kg","2006",2,6,,,true,2,false,2502,"Bahrain","United States","Immediate",6,10,"2006",,"Bahrain","United States",true,,"The good is new or different article of commerce that has been grown, produced or manufactured in the territory of one or both of the Parties; and the sum of (i) the value of materials produced in the territory of one or both of the Parties,  plus (ii) the direct costs of processing operations performed in the territory of one or both of the Parties is not less than 35 percent of the appraised value of the good at the time it is imported into the territory of the Party.",,,,"Agricultural",,,,,0.0000,,0.0000,,0.0000,,0.0000,,0.0000,,0.0000,,0.0000,,0.0000,,0.0000,,0.0000,,0.0000,,0.0000,,,,,,,,,,,,,,,,,,,,,,,,,,,,,,,,,,,,,,,,,,,,,,,,,
441524,"02044390","Other","020443","MEAT OF SHEEP, BONELESS, FROZEN                                            ","17","5",,"2006",2,6,,,true,2,false,2463,"United States","Bahrain","Immediate",6,10,,"2006","United States","Bahrain",,true,"The good is new or different article of commerce that has been grown, produced or manufactured in the territory of one or both of the Parties; and the sum of (i) the value of materials produced in the territory of one or both of the Parties,  plus (ii) the direct costs of processing operations performed in the territory of one or both of the Parties is not less than 35 percent of the appraised value of the good at the time it is imported into the territory of the Party.",,,,"Agricultural",,,,,0.0000,,0.0000,,0.0000,,0.0000,,0.0000,,0.0000,,0.0000,,0.0000,,0.0000,,0.0000,,0.0000,,0.0000,,,,,,,,,,,,,,,,,,,,,,,,,,,,,,,,,,,,,,,,,,,,,,,,,
441606,"02045000","Meat of goats, fresh, chilled or frozen","020450","MEAT OF GOATS, FRESH, CHILLED OR FROZEN                                    ","17","0",,"2006",1,6,,,true,2,false,2545,"Bahrain","United States","Immediate",6,10,"2006",,"Bahrain","United States",true,,"The good is new or different article of commerce that has been grown, produced or manufactured in the territory of one or both of the Parties; and the sum of (i) the value of materials produced in the territory of one or both of the Parties,  plus (ii) the direct costs of processing operations performed in the territory of one or both of the Parties is not less than 35 percent of the appraised value of the good at the time it is imported into the territory of the Party.",,,,"Agricultural",,,,,0.0000,,0.0000,,0.0000,,0.0000,,0.0000,,0.0000,,0.0000,,0.0000,,0.0000,,0.0000,,0.0000,,0.0000,,,,,,,,,,,,,,,,,,,,,,,,,,,,,,,,,,,,,,,,,,,,,,,,,
441574,"02045011","Other cuts with bone in :","020450","MEAT OF GOATS, FRESH, CHILLED OR FROZEN                                    ","17","0",,"2006",6,6,,,true,2,false,2513,"United States","Bahrain","Immediate",6,10,,"2006","United States","Bahrain",,true,"The good is new or different article of commerce that has been grown, produced or manufactured in the territory of one or both of the Parties; and the sum of (i) the value of materials produced in the territory of one or both of the Parties,  plus (ii) the direct costs of processing operations performed in the territory of one or both of the Parties is not less than 35 percent of the appraised value of the good at the time it is imported into the territory of the Party.",,,,"Agricultural",,,,,0.0000,,0.0000,,0.0000,,0.0000,,0.0000,,0.0000,,0.0000,,0.0000,,0.0000,,0.0000,,0.0000,,0.0000,,,,,,,,,,,,,,,,,,,,,,,,,,,,,,,,,,,,,,,,,,,,,,,,,
441575,"02045012","Fresh or chilled","020450","MEAT OF GOATS, FRESH, CHILLED OR FROZEN                                    ","17","5",,"2006",6,6,,,true,2,false,2514,"United States","Bahrain","Immediate",6,10,,"2006","United States","Bahrain",,true,"The good is new or different article of commerce that has been grown, produced or manufactured in the territory of one or both of the Parties; and the sum of (i) the value of materials produced in the territory of one or both of the Parties,  plus (ii) the direct costs of processing operations performed in the territory of one or both of the Parties is not less than 35 percent of the appraised value of the good at the time it is imported into the territory of the Party.",,,,"Agricultural",,,,,0.0000,,0.0000,,0.0000,,0.0000,,0.0000,,0.0000,,0.0000,,0.0000,,0.0000,,0.0000,,0.0000,,0.0000,,,,,,,,,,,,,,,,,,,,,,,,,,,,,,,,,,,,,,,,,,,,,,,,,
441576,"02045021","Fresh or chilled","020450","MEAT OF GOATS, FRESH, CHILLED OR FROZEN                                    ","17","0",,"2006",6,6,,,true,2,false,2515,"United States","Bahrain","Immediate",6,10,,"2006","United States","Bahrain",,true,"The good is new or different article of commerce that has been grown, produced or manufactured in the territory of one or both of the Parties; and the sum of (i) the value of materials produced in the territory of one or both of the Parties,  plus (ii) the direct costs of processing operations performed in the territory of one or both of the Parties is not less than 35 percent of the appraised value of the good at the time it is imported into the territory of the Party.",,,,"Agricultural",,,,,0.0000,,0.0000,,0.0000,,0.0000,,0.0000,,0.0000,,0.0000,,0.0000,,0.0000,,0.0000,,0.0000,,0.0000,,,,,,,,,,,,,,,,,,,,,,,,,,,,,,,,,,,,,,,,,,,,,,,,,
441577,"02045022","Frozen","020450","MEAT OF GOATS, FRESH, CHILLED OR FROZEN                                    ","17","5",,"2006",6,6,,,true,2,false,2516,"United States","Bahrain","Immediate",6,10,,"2006","United States","Bahrain",,true,"The good is new or different article of commerce that has been grown, produced or manufactured in the territory of one or both of the Parties; and the sum of (i) the value of materials produced in the territory of one or both of the Parties,  plus (ii) the direct costs of processing operations performed in the territory of one or both of the Parties is not less than 35 percent of the appraised value of the good at the time it is imported into the territory of the Party.",,,,"Agricultural",,,,,0.0000,,0.0000,,0.0000,,0.0000,,0.0000,,0.0000,,0.0000,,0.0000,,0.0000,,0.0000,,0.0000,,0.0000,,,,,,,,,,,,,,,,,,,,,,,,,,,,,,,,,,,,,,,,,,,,,,,,,
441578,"02045031","Fresh or chilled","020450","MEAT OF GOATS, FRESH, CHILLED OR FROZEN                                    ","17","0",,"2006",6,6,,,true,2,false,2517,"United States","Bahrain","Immediate",6,10,,"2006","United States","Bahrain",,true,"The good is new or different article of commerce that has been grown, produced or manufactured in the territory of one or both of the Parties; and the sum of (i) the value of materials produced in the territory of one or both of the Parties,  plus (ii) the direct costs of processing operations performed in the territory of one or both of the Parties is not less than 35 percent of the appraised value of the good at the time it is imported into the territory of the Party.",,,,"Agricultural",,,,,0.0000,,0.0000,,0.0000,,0.0000,,0.0000,,0.0000,,0.0000,,0.0000,,0.0000,,0.0000,,0.0000,,0.0000,,,,,,,,,,,,,,,,,,,,,,,,,,,,,,,,,,,,,,,,,,,,,,,,,
441579,"02045032","Frozen","020450","MEAT OF GOATS, FRESH, CHILLED OR FROZEN                                    ","17","5",,"2006",6,6,,,true,2,false,2518,"United States","Bahrain","Immediate",6,10,,"2006","United States","Bahrain",,true,"The good is new or different article of commerce that has been grown, produced or manufactured in the territory of one or both of the Parties; and the sum of (i) the value of materials produced in the territory of one or both of the Parties,  plus (ii) the direct costs of processing operations performed in the territory of one or both of the Parties is not less than 35 percent of the appraised value of the good at the time it is imported into the territory of the Party.",,,,"Agricultural",,,,,0.0000,,0.0000,,0.0000,,0.0000,,0.0000,,0.0000,,0.0000,,0.0000,,0.0000,,0.0000,,0.0000,,0.0000,,,,,,,,,,,,,,,,,,,,,,,,,,,,,,,,,,,,,,,,,,,,,,,,,
441640,"02050000","Meat of horses, asses, mules or hinnies, fresh, chilled or frozen","020500","MEAT OF HORSES, ASSES, MULES, HINNIES FR, CHLD, FZ                         ","17","0",,"2006",1,6,,,true,2,false,2579,"Bahrain","United States","Immediate",6,10,"2006",,"Bahrain","United States",true,,"The good is new or different article of commerce that has been grown, produced or manufactured in the territory of one or both of the Parties; and the sum of (i) the value of materials produced in the territory of one or both of the Parties,  plus (ii) the direct costs of processing operations performed in the territory of one or both of the Parties is not less than 35 percent of the appraised value of the good at the time it is imported into the territory of the Party.",,,,"Agricultural",,,,,0.0000,,0.0000,,0.0000,,0.0000,,0.0000,,0.0000,,0.0000,,0.0000,,0.0000,,0.0000,,0.0000,,0.0000,,,,,,,,,,,,,,,,,,,,,,,,,,,,,,,,,,,,,,,,,,,,,,,,,
441617,"02050010","Meat of horses","020500","MEAT OF HORSES, ASSES, MULES, HINNIES FR, CHLD, FZ                         ","17","5",,"2006",2,6,,,true,2,false,2556,"United States","Bahrain","Immediate",6,10,,"2006","United States","Bahrain",,true,"The good is new or different article of commerce that has been grown, produced or manufactured in the territory of one or both of the Parties; and the sum of (i) the value of materials produced in the territory of one or both of the Parties,  plus (ii) the direct costs of processing operations performed in the territory of one or both of the Parties is not less than 35 percent of the appraised value of the good at the time it is imported into the territory of the Party.",,,,"Agricultural",,,,,0.0000,,0.0000,,0.0000,,0.0000,,0.0000,,0.0000,,0.0000,,0.0000,,0.0000,,0.0000,,0.0000,,0.0000,,,,,,,,,,,,,,,,,,,,,,,,,,,,,,,,,,,,,,,,,,,,,,,,,
441618,"02050090","Other","020500","MEAT OF HORSES, ASSES, MULES, HINNIES FR, CHLD, FZ                         ","17","5",,"2006",2,6,,,true,2,false,2557,"United States","Bahrain","Immediate",6,10,,"2006","United States","Bahrain",,true,"The good is new or different article of commerce that has been grown, produced or manufactured in the territory of one or both of the Parties; and the sum of (i) the value of materials produced in the territory of one or both of the Parties,  plus (ii) the direct costs of processing operations performed in the territory of one or both of the Parties is not less than 35 percent of the appraised value of the good at the time it is imported into the territory of the Party.",,,,"Agricultural",,,,,0.0000,,0.0000,,0.0000,,0.0000,,0.0000,,0.0000,,0.0000,,0.0000,,0.0000,,0.0000,,0.0000,,0.0000,,,,,,,,,,,,,,,,,,,,,,,,,,,,,,,,,,,,,,,,,,,,,,,,,
441681,"02061000","Edible offal of bovine animals, fresh or chilled","020610","OFFAL OF BOVINE ANIMALS, EDIBLE, FRESH OR CHILLED                          ","3","0",,"2006",1,6,,,true,2,false,2620,"Bahrain","United States","Immediate",6,10,"2006",,"Bahrain","United States",true,,"The good is new or different article of commerce that has been grown, produced or manufactured in the territory of one or both of the Parties; and the sum of (i) the value of materials produced in the territory of one or both of the Parties,  plus (ii) the direct costs of processing operations performed in the territory of one or both of the Parties is not less than 35 percent of the appraised value of the good at the time it is imported into the territory of the Party.",,,,"Agricultural",,,,,0.0000,,0.0000,,0.0000,,0.0000,,0.0000,,0.0000,,0.0000,,0.0000,,0.0000,,0.0000,,0.0000,,0.0000,,,,,,,,,,,,,,,,,,,,,,,,,,,,,,,,,,,,,,,,,,,,,,,,,
441652,"02061000","Of bovine animals, fresh or chilled","020610","OFFAL OF BOVINE ANIMALS, EDIBLE, FRESH OR CHILLED                          ","3","5",,"2006",1,6,,,true,2,false,2591,"United States","Bahrain","Immediate",6,10,,"2006","United States","Bahrain",,true,"The good is new or different article of commerce that has been grown, produced or manufactured in the territory of one or both of the Parties; and the sum of (i) the value of materials produced in the territory of one or both of the Parties,  plus (ii) the direct costs of processing operations performed in the territory of one or both of the Parties is not less than 35 percent of the appraised value of the good at the time it is imported into the territory of the Party.",,,,"Agricultural",,,,,0.0000,,0.0000,,0.0000,,0.0000,,0.0000,,0.0000,,0.0000,,0.0000,,0.0000,,0.0000,,0.0000,,0.0000,,,,,,,,,,,,,,,,,,,,,,,,,,,,,,,,,,,,,,,,,,,,,,,,,
441720,"02062100","Tongues of bovine animals, frozen","020621","TONGUES OF BOVINE ANIMALS, EDIBLE, FROZEN                                  ","3","0",,"2006",1,6,,,true,2,false,2659,"Bahrain","United States","Immediate",6,10,"2006",,"Bahrain","United States",true,,"The good is new or different article of commerce that has been grown, produced or manufactured in the territory of one or both of the Parties; and the sum of (i) the value of materials produced in the territory of one or both of the Parties,  plus (ii) the direct costs of processing operations performed in the territory of one or both of the Parties is not less than 35 percent of the appraised value of the good at the time it is imported into the territory of the Party.",,,,"Agricultural",,,,,0.0000,,0.0000,,0.0000,,0.0000,,0.0000,,0.0000,,0.0000,,0.0000,,0.0000,,0.0000,,0.0000,,0.0000,,,,,,,,,,,,,,,,,,,,,,,,,,,,,,,,,,,,,,,,,,,,,,,,,
441692,"02062100","Tongues","020621","TONGUES OF BOVINE ANIMALS, EDIBLE, FROZEN                                  ","3","5",,"2006",1,6,,,true,2,false,2631,"United States","Bahrain","Immediate",6,10,,"2006","United States","Bahrain",,true,"The good is new or different article of commerce that has been grown, produced or manufactured in the territory of one or both of the Parties; and the sum of (i) the value of materials produced in the territory of one or both of the Parties,  plus (ii) the direct costs of processing operations performed in the territory of one or both of the Parties is not less than 35 percent of the appraised value of the good at the time it is imported into the territory of the Party.",,,,"Agricultural",,,,,0.0000,,0.0000,,0.0000,,0.0000,,0.0000,,0.0000,,0.0000,,0.0000,,0.0000,,0.0000,,0.0000,,0.0000,,,,,,,,,,,,,,,,,,,,,,,,,,,,,,,,,,,,,,,,,,,,,,,,,
441759,"02062200","Livers of bovine animals, frozen","020622","LIVERS OF BOVINE ANIMALS, EDIBLE, FROZEN                                   ","3","0",,"2006",1,6,,,true,2,false,2698,"Bahrain","United States","Immediate",6,10,"2006",,"Bahrain","United States",true,,"The good is new or different article of commerce that has been grown, produced or manufactured in the territory of one or both of the Parties; and the sum of (i) the value of materials produced in the territory of one or both of the Parties,  plus (ii) the direct costs of processing operations performed in the territory of one or both of the Parties is not less than 35 percent of the appraised value of the good at the time it is imported into the territory of the Party.",,,,"Agricultural",,,,,0.0000,,0.0000,,0.0000,,0.0000,,0.0000,,0.0000,,0.0000,,0.0000,,0.0000,,0.0000,,0.0000,,0.0000,,,,,,,,,,,,,,,,,,,,,,,,,,,,,,,,,,,,,,,,,,,,,,,,,
441731,"02062200","Livers","020622","LIVERS OF BOVINE ANIMALS, EDIBLE, FROZEN                                   ","3","5",,"2006",1,6,,,true,2,false,2670,"United States","Bahrain","Immediate",6,10,,"2006","United States","Bahrain",,true,"The good is new or different article of commerce that has been grown, produced or manufactured in the territory of one or both of the Parties; and the sum of (i) the value of materials produced in the territory of one or both of the Parties,  plus (ii) the direct costs of processing operations performed in the territory of one or both of the Parties is not less than 35 percent of the appraised value of the good at the time it is imported into the territory of the Party.",,,,"Agricultural",,,,,0.0000,,0.0000,,0.0000,,0.0000,,0.0000,,0.0000,,0.0000,,0.0000,,0.0000,,0.0000,,0.0000,,0.0000,,,,,,,,,,,,,,,,,,,,,,,,,,,,,,,,,,,,,,,,,,,,,,,,,
441770,"02062900","Other","020629","OFFAL OF BOVINE ANIMALS, EDIBLE, NESOI, FROZEN                             ","3","5",,"2006",1,6,,,true,2,false,2709,"United States","Bahrain","Immediate",6,10,,"2006","United States","Bahrain",,true,"The good is new or different article of commerce that has been grown, produced or manufactured in the territory of one or both of the Parties; and the sum of (i) the value of materials produced in the territory of one or both of the Parties,  plus (ii) the direct costs of processing operations performed in the territory of one or both of the Parties is not less than 35 percent of the appraised value of the good at the time it is imported into the territory of the Party.",,,,"Agricultural",,,,,0.0000,,0.0000,,0.0000,,0.0000,,0.0000,,0.0000,,0.0000,,0.0000,,0.0000,,0.0000,,0.0000,,0.0000,,,,,,,,,,,,,,,,,,,,,,,,,,,,,,,,,,,,,,,,,,,,,,,,,
441801,"02062900","Edible offal of bovine animals, except tongues or livers, frozen","020629","OFFAL OF BOVINE ANIMALS, EDIBLE, NESOI, FROZEN                             ","3","0",,"2006",1,6,,,true,2,false,2740,"Bahrain","United States","Immediate",6,10,"2006",,"Bahrain","United States",true,,"The good is new or different article of commerce that has been grown, produced or manufactured in the territory of one or both of the Parties; and the sum of (i) the value of materials produced in the territory of one or both of the Parties,  plus (ii) the direct costs of processing operations performed in the territory of one or both of the Parties is not less than 35 percent of the appraised value of the good at the time it is imported into the territory of the Party.",,,,"Agricultural",,,,,0.0000,,0.0000,,0.0000,,0.0000,,0.0000,,0.0000,,0.0000,,0.0000,,0.0000,,0.0000,,0.0000,,0.0000,,,,,,,,,,,,,,,,,,,,,,,,,,,,,,,,,,,,,,,,,,,,,,,,,
441813,"02063000","Of swine, fresh or chilled","020630","OFFAL OF SWINE, EDIBLE, FRESH OR CHILLED                                   ","29","5",,"2006",1,6,,,true,2,false,2752,"United States","Bahrain","Immediate",6,10,,"2006","United States","Bahrain",,true,"The good is new or different article of commerce that has been grown, produced or manufactured in the territory of one or both of the Parties; and the sum of (i) the value of materials produced in the territory of one or both of the Parties,  plus (ii) the direct costs of processing operations performed in the territory of one or both of the Parties is not less than 35 percent of the appraised value of the good at the time it is imported into the territory of the Party.",,,,"Agricultural",,,,,0.0000,,0.0000,,0.0000,,0.0000,,0.0000,,0.0000,,0.0000,,0.0000,,0.0000,,0.0000,,0.0000,,0.0000,,,,,,,,,,,,,,,,,,,,,,,,,,,,,,,,,,,,,,,,,,,,,,,,,
441841,"02063000","Edible offal of swine, fresh or chilled","020630","OFFAL OF SWINE, EDIBLE, FRESH OR CHILLED                                   ","29","0",,"2006",1,6,,,true,2,false,2780,"Bahrain","United States","Immediate",6,10,"2006",,"Bahrain","United States",true,,"The good is new or different article of commerce that has been grown, produced or manufactured in the territory of one or both of the Parties; and the sum of (i) the value of materials produced in the territory of one or both of the Parties,  plus (ii) the direct costs of processing operations performed in the territory of one or both of the Parties is not less than 35 percent of the appraised value of the good at the time it is imported into the territory of the Party.",,,,"Agricultural",,,,,0.0000,,0.0000,,0.0000,,0.0000,,0.0000,,0.0000,,0.0000,,0.0000,,0.0000,,0.0000,,0.0000,,0.0000,,,,,,,,,,,,,,,,,,,,,,,,,,,,,,,,,,,,,,,,,,,,,,,,,
441852,"02064100","Livers","020641","LIVERS OF SWINE, EDIBLE, FROZEN                                            ","29","5",,"2006",1,6,,,true,2,false,2791,"United States","Bahrain","Immediate",6,10,,"2006","United States","Bahrain",,true,"The good is new or different article of commerce that has been grown, produced or manufactured in the territory of one or both of the Parties; and the sum of (i) the value of materials produced in the territory of one or both of the Parties,  plus (ii) the direct costs of processing operations performed in the territory of one or both of the Parties is not less than 35 percent of the appraised value of the good at the time it is imported into the territory of the Party.",,,,"Agricultural",,,,,0.0000,,0.0000,,0.0000,,0.0000,,0.0000,,0.0000,,0.0000,,0.0000,,0.0000,,0.0000,,0.0000,,0.0000,,,,,,,,,,,,,,,,,,,,,,,,,,,,,,,,,,,,,,,,,,,,,,,,,
441875,"02064100","Livers of swine, frozen","020641","LIVERS OF SWINE, EDIBLE, FROZEN                                            ","29","0",,"2006",1,6,,,true,2,false,2814,"Bahrain","United States","Immediate",6,10,"2006",,"Bahrain","United States",true,,"The good is new or different article of commerce that has been grown, produced or manufactured in the territory of one or both of the Parties; and the sum of (i) the value of materials produced in the territory of one or both of the Parties,  plus (ii) the direct costs of processing operations performed in the territory of one or both of the Parties is not less than 35 percent of the appraised value of the good at the time it is imported into the territory of the Party.",,,,"Agricultural",,,,,0.0000,,0.0000,,0.0000,,0.0000,,0.0000,,0.0000,,0.0000,,0.0000,,0.0000,,0.0000,,0.0000,,0.0000,,,,,,,,,,,,,,,,,,,,,,,,,,,,,,,,,,,,,,,,,,,,,,,,,
441886,"02064900","Other","020649","OFFAL OF SWINE EXCEPT LIVERS, EDIBLE, FROZEN                               ","29","5",,"2006",1,6,,,true,2,false,2825,"United States","Bahrain","Immediate",6,10,,"2006","United States","Bahrain",,true,"The good is new or different article of commerce that has been grown, produced or manufactured in the territory of one or both of the Parties; and the sum of (i) the value of materials produced in the territory of one or both of the Parties,  plus (ii) the direct costs of processing operations performed in the territory of one or both of the Parties is not less than 35 percent of the appraised value of the good at the time it is imported into the territory of the Party.",,,,"Agricultural",,,,,0.0000,,0.0000,,0.0000,,0.0000,,0.0000,,0.0000,,0.0000,,0.0000,,0.0000,,0.0000,,0.0000,,0.0000,,,,,,,,,,,,,,,,,,,,,,,,,,,,,,,,,,,,,,,,,,,,,,,,,
441916,"02064900","Edible offal of swine, except liver, frozen","020649","OFFAL OF SWINE EXCEPT LIVERS, EDIBLE, FROZEN                               ","29","0",,"2006",1,6,,,true,2,false,2855,"Bahrain","United States","Immediate",6,10,"2006",,"Bahrain","United States",true,,"The good is new or different article of commerce that has been grown, produced or manufactured in the territory of one or both of the Parties; and the sum of (i) the value of materials produced in the territory of one or both of the Parties,  plus (ii) the direct costs of processing operations performed in the territory of one or both of the Parties is not less than 35 percent of the appraised value of the good at the time it is imported into the territory of the Party.",,,,"Agricultural",,,,,0.0000,,0.0000,,0.0000,,0.0000,,0.0000,,0.0000,,0.0000,,0.0000,,0.0000,,0.0000,,0.0000,,0.0000,,,,,,,,,,,,,,,,,,,,,,,,,,,,,,,,,,,,,,,,,,,,,,,,,
441951,"02068000","Edible offal of sheep, goats, horses, asses, mules or hinnies, fresh or chilled","020680","OFFAL SHEEP,GOAT,HORSE,ASS, MULE/HINNY EDBLE FR/CH                         ","17","0",,"2006",1,6,,,true,2,false,2890,"Bahrain","United States","Immediate",6,10,"2006",,"Bahrain","United States",true,,"The good is new or different article of commerce that has been grown, produced or manufactured in the territory of one or both of the Parties; and the sum of (i) the value of materials produced in the territory of one or both of the Parties,  plus (ii) the direct costs of processing operations performed in the territory of one or both of the Parties is not less than 35 percent of the appraised value of the good at the time it is imported into the territory of the Party.",,,,"Agricultural",,,,,0.0000,,0.0000,,0.0000,,0.0000,,0.0000,,0.0000,,0.0000,,0.0000,,0.0000,,0.0000,,0.0000,,0.0000,,,,,,,,,,,,,,,,,,,,,,,,,,,,,,,,,,,,,,,,,,,,,,,,,
441927,"02068010","Of sheep animals or goats","020680","OFFAL SHEEP,GOAT,HORSE,ASS, MULE/HINNY EDBLE FR/CH                         ","17","0",,"2006",2,6,,,true,2,false,2866,"United States","Bahrain","Immediate",6,10,,"2006","United States","Bahrain",,true,"The good is new or different article of commerce that has been grown, produced or manufactured in the territory of one or both of the Parties; and the sum of (i) the value of materials produced in the territory of one or both of the Parties,  plus (ii) the direct costs of processing operations performed in the territory of one or both of the Parties is not less than 35 percent of the appraised value of the good at the time it is imported into the territory of the Party.",,,,"Agricultural",,,,,0.0000,,0.0000,,0.0000,,0.0000,,0.0000,,0.0000,,0.0000,,0.0000,,0.0000,,0.0000,,0.0000,,0.0000,,,,,,,,,,,,,,,,,,,,,,,,,,,,,,,,,,,,,,,,,,,,,,,,,
441928,"02068090","Other","020680","OFFAL SHEEP,GOAT,HORSE,ASS, MULE/HINNY EDBLE FR/CH                         ","17","5",,"2006",2,6,,,true,2,false,2867,"United States","Bahrain","Immediate",6,10,,"2006","United States","Bahrain",,true,"The good is new or different article of commerce that has been grown, produced or manufactured in the territory of one or both of the Parties; and the sum of (i) the value of materials produced in the territory of one or both of the Parties,  plus (ii) the direct costs of processing operations performed in the territory of one or both of the Parties is not less than 35 percent of the appraised value of the good at the time it is imported into the territory of the Party.",,,,"Agricultural",,,,,0.0000,,0.0000,,0.0000,,0.0000,,0.0000,,0.0000,,0.0000,,0.0000,,0.0000,,0.0000,,0.0000,,0.0000,,,,,,,,,,,,,,,,,,,,,,,,,,,,,,,,,,,,,,,,,,,,,,,,,
441994,"02069000","Edible offal of sheep, goats, horses, asses, mules or hinnies, frozen","020690","OFFAL OF SHEEP, GOATS, HORSES ETC, EDIBLE, FROZEN                          ","17","0",,"2006",1,6,,,true,2,false,2933,"Bahrain","United States","Immediate",6,10,"2006",,"Bahrain","United States",true,,"The good is new or different article of commerce that has been grown, produced or manufactured in the territory of one or both of the Parties; and the sum of (i) the value of materials produced in the territory of one or both of the Parties,  plus (ii) the direct costs of processing operations performed in the territory of one or both of the Parties is not less than 35 percent of the appraised value of the good at the time it is imported into the territory of the Party.",,,,"Agricultural",,,,,0.0000,,0.0000,,0.0000,,0.0000,,0.0000,,0.0000,,0.0000,,0.0000,,0.0000,,0.0000,,0.0000,,0.0000,,,,,,,,,,,,,,,,,,,,,,,,,,,,,,,,,,,,,,,,,,,,,,,,,
441963,"02069011","Tongues","020690","OFFAL OF SHEEP, GOATS, HORSES ETC, EDIBLE, FROZEN                          ","17","5",,"2006",4,6,,,true,2,false,2902,"United States","Bahrain","Immediate",6,10,,"2006","United States","Bahrain",,true,"The good is new or different article of commerce that has been grown, produced or manufactured in the territory of one or both of the Parties; and the sum of (i) the value of materials produced in the territory of one or both of the Parties,  plus (ii) the direct costs of processing operations performed in the territory of one or both of the Parties is not less than 35 percent of the appraised value of the good at the time it is imported into the territory of the Party.",,,,"Agricultural",,,,,0.0000,,0.0000,,0.0000,,0.0000,,0.0000,,0.0000,,0.0000,,0.0000,,0.0000,,0.0000,,0.0000,,0.0000,,,,,,,,,,,,,,,,,,,,,,,,,,,,,,,,,,,,,,,,,,,,,,,,,
441964,"02069012","Livers","020690","OFFAL OF SHEEP, GOATS, HORSES ETC, EDIBLE, FROZEN                          ","17","5",,"2006",4,6,,,true,2,false,2903,"United States","Bahrain","Immediate",6,10,,"2006","United States","Bahrain",,true,"The good is new or different article of commerce that has been grown, produced or manufactured in the territory of one or both of the Parties; and the sum of (i) the value of materials produced in the territory of one or both of the Parties,  plus (ii) the direct costs of processing operations performed in the territory of one or both of the Parties is not less than 35 percent of the appraised value of the good at the time it is imported into the territory of the Party.",,,,"Agricultural",,,,,0.0000,,0.0000,,0.0000,,0.0000,,0.0000,,0.0000,,0.0000,,0.0000,,0.0000,,0.0000,,0.0000,,0.0000,,,,,,,,,,,,,,,,,,,,,,,,,,,,,,,,,,,,,,,,,,,,,,,,,
441965,"02069019","Other","020690","OFFAL OF SHEEP, GOATS, HORSES ETC, EDIBLE, FROZEN                          ","17","5",,"2006",4,6,,,true,2,false,2904,"United States","Bahrain","Immediate",6,10,,"2006","United States","Bahrain",,true,"The good is new or different article of commerce that has been grown, produced or manufactured in the territory of one or both of the Parties; and the sum of (i) the value of materials produced in the territory of one or both of the Parties,  plus (ii) the direct costs of processing operations performed in the territory of one or both of the Parties is not less than 35 percent of the appraised value of the good at the time it is imported into the territory of the Party.",,,,"Agricultural",,,,,0.0000,,0.0000,,0.0000,,0.0000,,0.0000,,0.0000,,0.0000,,0.0000,,0.0000,,0.0000,,0.0000,,0.0000,,,,,,,,,,,,,,,,,,,,,,,,,,,,,,,,,,,,,,,,,,,,,,,,,
441966,"02069090","Other","020690","OFFAL OF SHEEP, GOATS, HORSES ETC, EDIBLE, FROZEN                          ","17","5",,"2006",4,6,,,true,2,false,2905,"United States","Bahrain","Immediate",6,10,,"2006","United States","Bahrain",,true,"The good is new or different article of commerce that has been grown, produced or manufactured in the territory of one or both of the Parties; and the sum of (i) the value of materials produced in the territory of one or both of the Parties,  plus (ii) the direct costs of processing operations performed in the territory of one or both of the Parties is not less than 35 percent of the appraised value of the good at the time it is imported into the territory of the Party.",,,,"Agricultural",,,,,0.0000,,0.0000,,0.0000,,0.0000,,0.0000,,0.0000,,0.0000,,0.0000,,0.0000,,0.0000,,0.0000,,0.0000,,,,,,,,,,,,,,,,,,,,,,,,,,,,,,,,,,,,,,,,,,,,,,,,,
442031,"02071100","Chickens, not cut in pieces, fresh or chilled","020711","MEAT & OFFAL OF CHICKENS,NOT CUT FRESH OR CHILLED                          ","30",,"8.8 cents/kg","2006",1,6,,,true,2,false,2970,"Bahrain","United States","Immediate",6,10,"2006",,"Bahrain","United States",true,,"The good is new or different article of commerce that has been grown, produced or manufactured in the territory of one or both of the Parties; and the sum of (i) the value of materials produced in the territory of one or both of the Parties,  plus (ii) the direct costs of processing operations performed in the territory of one or both of the Parties is not less than 35 percent of the appraised value of the good at the time it is imported into the territory of the Party.",,,,"Agricultural",,,,,0.0000,,0.0000,,0.0000,,0.0000,,0.0000,,0.0000,,0.0000,,0.0000,,0.0000,,0.0000,,0.0000,,0.0000,,,,,,,,,,,,,,,,,,,,,,,,,,,,,,,,,,,,,,,,,,,,,,,,,
442006,"02071100","Not cut in pieces, fresh or chilled","020711","MEAT & OFFAL OF CHICKENS,NOT CUT FRESH OR CHILLED                          ","30","5",,"2006",1,6,,,true,2,false,2945,"United States","Bahrain","Immediate",6,10,,"2006","United States","Bahrain",,true,"The good is new or different article of commerce that has been grown, produced or manufactured in the territory of one or both of the Parties; and the sum of (i) the value of materials produced in the territory of one or both of the Parties,  plus (ii) the direct costs of processing operations performed in the territory of one or both of the Parties is not less than 35 percent of the appraised value of the good at the time it is imported into the territory of the Party.",,,,"Agricultural",,,,,0.0000,,0.0000,,0.0000,,0.0000,,0.0000,,0.0000,,0.0000,,0.0000,,0.0000,,0.0000,,0.0000,,0.0000,,,,,,,,,,,,,,,,,,,,,,,,,,,,,,,,,,,,,,,,,,,,,,,,,
442067,"02071200","Chickens, not cut in pieces, frozen","020712","MEAT & OFFAL OF CHICKENS,NOT CUT IN PIECES,FROZEN                          ","30",,"8.8 cents/kg","2006",1,6,,,true,2,false,3006,"Bahrain","United States","Immediate",6,10,"2006",,"Bahrain","United States",true,,"The good is new or different article of commerce that has been grown, produced or manufactured in the territory of one or both of the Parties; and the sum of (i) the value of materials produced in the territory of one or both of the Parties,  plus (ii) the direct costs of processing operations performed in the territory of one or both of the Parties is not less than 35 percent of the appraised value of the good at the time it is imported into the territory of the Party.",,,,"Agricultural",,,,,0.0000,,0.0000,,0.0000,,0.0000,,0.0000,,0.0000,,0.0000,,0.0000,,0.0000,,0.0000,,0.0000,,0.0000,,,,,,,,,,,,,,,,,,,,,,,,,,,,,,,,,,,,,,,,,,,,,,,,,
442042,"02071200","Not cut in pieces, frozen","020712","MEAT & OFFAL OF CHICKENS,NOT CUT IN PIECES,FROZEN                          ","30","5",,"2006",1,6,,,true,2,false,2981,"United States","Bahrain","Immediate",6,10,,"2006","United States","Bahrain",,true,"The good is new or different article of commerce that has been grown, produced or manufactured in the territory of one or both of the Parties; and the sum of (i) the value of materials produced in the territory of one or both of the Parties,  plus (ii) the direct costs of processing operations performed in the territory of one or both of the Parties is not less than 35 percent of the appraised value of the good at the time it is imported into the territory of the Party.",,,,"Agricultural",,,,,0.0000,,0.0000,,0.0000,,0.0000,,0.0000,,0.0000,,0.0000,,0.0000,,0.0000,,0.0000,,0.0000,,0.0000,,,,,,,,,,,,,,,,,,,,,,,,,,,,,,,,,,,,,,,,,,,,,,,,,
442148,"02071300","Cuts and offal of chickens, fresh or chilled","020713","CHICKEN CUTS & EDIBLE OFFAL (INCL LIVER) FRSH/CHLD                         ","30",,"17.6 cents/kg","2006",1,6,,,true,2,false,3087,"Bahrain","United States","Immediate",6,10,"2006",,"Bahrain","United States",true,,"The good is new or different article of commerce that has been grown, produced or manufactured in the territory of one or both of the Parties; and the sum of (i) the value of materials produced in the territory of one or both of the Parties,  plus (ii) the direct costs of processing operations performed in the territory of one or both of the Parties is not less than 35 percent of the appraised value of the good at the time it is imported into the territory of the Party.",,,,"Agricultural",,,,,0.0000,,0.0000,,0.0000,,0.0000,,0.0000,,0.0000,,0.0000,,0.0000,,0.0000,,0.0000,,0.0000,,0.0000,,,,,,,,,,,,,,,,,,,,,,,,,,,,,,,,,,,,,,,,,,,,,,,,,
442078,"02071300","Cuts and offal, fresh or chilled","020713","CHICKEN CUTS & EDIBLE OFFAL (INCL LIVER) FRSH/CHLD                         ","30","5",,"2006",1,6,,,true,2,false,3017,"United States","Bahrain","Immediate",6,10,,"2006","United States","Bahrain",,true,"The good is new or different article of commerce that has been grown, produced or manufactured in the territory of one or both of the Parties; and the sum of (i) the value of materials produced in the territory of one or both of the Parties,  plus (ii) the direct costs of processing operations performed in the territory of one or both of the Parties is not less than 35 percent of the appraised value of the good at the time it is imported into the territory of the Party.",,,,"Agricultural",,,,,0.0000,,0.0000,,0.0000,,0.0000,,0.0000,,0.0000,,0.0000,,0.0000,,0.0000,,0.0000,,0.0000,,0.0000,,,,,,,,,,,,,,,,,,,,,,,,,,,,,,,,,,,,,,,,,,,,,,,,,
442159,"02071400","Cuts and offal, frozen","020714","CHICKEN CUTS AND EDIBLE OFFAL (INC LIVERS), FROZEN                         ","30","5",,"2006",1,6,,,true,2,false,3098,"United States","Bahrain","Immediate",6,10,,"2006","United States","Bahrain",,true,"The good is new or different article of commerce that has been grown, produced or manufactured in the territory of one or both of the Parties; and the sum of (i) the value of materials produced in the territory of one or both of the Parties,  plus (ii) the direct costs of processing operations performed in the territory of one or both of the Parties is not less than 35 percent of the appraised value of the good at the time it is imported into the territory of the Party.",,,,"Agricultural",,,,,0.0000,,0.0000,,0.0000,,0.0000,,0.0000,,0.0000,,0.0000,,0.0000,,0.0000,,0.0000,,0.0000,,0.0000,,,,,,,,,,,,,,,,,,,,,,,,,,,,,,,,,,,,,,,,,,,,,,,,,
442245,"02071400","Cuts and offal of chickens, frozen","020714","CHICKEN CUTS AND EDIBLE OFFAL (INC LIVERS), FROZEN                         ","30",,"17.6 cents/kg","2010",1,11,,,true,2,false,3184,"Bahrain","United States","5 Years",11,10,"2006",,"Bahrain","United States",true,,"The good is new or different article of commerce that has been grown, produced or manufactured in the territory of one or both of the Parties; and the sum of (i) the value of materials produced in the territory of one or both of the Parties,  plus (ii) the direct costs of processing operations performed in the territory of one or both of the Parties is not less than 35 percent of the appraised value of the good at the time it is imported into the territory of the Party.",,,,"Agricultural",,,,,,"13.6 cents/kg",,"10.2 cents/kg",,"6.8 cents/kg",,"3.4 cents/kg",0.0000,,0.0000,,0.0000,,0.0000,,0.0000,,0.0000,,0.0000,,0.0000,,,,,,,,,,,,,,,,,,,,,,,,,,,,,,,,,,,,,,,,,,,,,,,,,
442256,"02072400","Not cut in pieces, fresh or chilled","020724","TURKEYS, NOT CUT IN PIECES, FRESH OR CHILLED                               ","30","5",,"2006",1,6,,,true,2,false,3195,"United States","Bahrain","Immediate",6,10,,"2006","United States","Bahrain",,true,"The good is new or different article of commerce that has been grown, produced or manufactured in the territory of one or both of the Parties; and the sum of (i) the value of materials produced in the territory of one or both of the Parties,  plus (ii) the direct costs of processing operations performed in the territory of one or both of the Parties is not less than 35 percent of the appraised value of the good at the time it is imported into the territory of the Party.",,,,"Agricultural",,,,,0.0000,,0.0000,,0.0000,,0.0000,,0.0000,,0.0000,,0.0000,,0.0000,,0.0000,,0.0000,,0.0000,,0.0000,,,,,,,,,,,,,,,,,,,,,,,,,,,,,,,,,,,,,,,,,,,,,,,,,
